current node = 13,op = LOADB,unmapped nodes = 20,mapped nodes = 0,freeMemNodes = 32,unmappedMemNodes = 6,II = 4,btCredits = 0,CGRA=stdnoc_2x2tiles_2x2PEs.json,MaxHops=4,BB = .preheader.preheader,mutexPathEn = 1,Iter = 0
estimatedRouteInfo[node].size = 32
current node = 14,op = CMERGE,unmapped nodes = 19,mapped nodes = 1,freeMemNodes = 31,unmappedMemNodes = 5,II = 4,btCredits = 0,CGRA=stdnoc_2x2tiles_2x2PEs.json,MaxHops=4,BB = .preheader_0_1,mutexPathEn = 1,Iter = 0
estimatedRouteInfo[node].size = 49
current node = 0,op = SELECT,unmapped nodes = 18,mapped nodes = 2,freeMemNodes = 31,unmappedMemNodes = 5,II = 4,btCredits = 0,CGRA=stdnoc_2x2tiles_2x2PEs.json,MaxHops=4,BB = .preheader,mutexPathEn = 1,Iter = 0
estimatedRouteInfo[node].size = 53
current node = 1,op = ADD,unmapped nodes = 17,mapped nodes = 3,freeMemNodes = 31,unmappedMemNodes = 5,II = 4,btCredits = 0,CGRA=stdnoc_2x2tiles_2x2PEs.json,MaxHops=4,BB = .preheader,mutexPathEn = 1,Iter = 0
estimatedRouteInfo[node].size = 5
current node = 2,op = CMP,unmapped nodes = 16,mapped nodes = 4,freeMemNodes = 31,unmappedMemNodes = 5,II = 4,btCredits = 0,CGRA=stdnoc_2x2tiles_2x2PEs.json,MaxHops=4,BB = .preheader,mutexPathEn = 1,Iter = 0
estimatedRouteInfo[node].size = 5
current node = 12,op = CMERGE,unmapped nodes = 15,mapped nodes = 5,freeMemNodes = 31,unmappedMemNodes = 5,II = 4,btCredits = 0,CGRA=stdnoc_2x2tiles_2x2PEs.json,MaxHops=4,BB = .preheader_0_0,mutexPathEn = 1,Iter = 0
estimatedRouteInfo[node].size = 4
current node = 20019,op = MOVC,unmapped nodes = 14,mapped nodes = 6,freeMemNodes = 31,unmappedMemNodes = 5,II = 4,btCredits = 0,CGRA=stdnoc_2x2tiles_2x2PEs.json,MaxHops=4,BB = ,mutexPathEn = 1,Iter = 0
estimatedRouteInfo[node].size = 58
current node = 21,op = MOVC,unmapped nodes = 13,mapped nodes = 7,freeMemNodes = 31,unmappedMemNodes = 5,II = 4,btCredits = 0,CGRA=stdnoc_2x2tiles_2x2PEs.json,MaxHops=4,BB = .preheader.preheader,mutexPathEn = 1,Iter = 0
estimatedRouteInfo[node].size = 57
current node = 20,op = STOREB,unmapped nodes = 12,mapped nodes = 8,freeMemNodes = 31,unmappedMemNodes = 5,II = 4,btCredits = 0,CGRA=stdnoc_2x2tiles_2x2PEs.json,MaxHops=4,BB = .preheader.preheader,mutexPathEn = 1,Iter = 0
estimatedRouteInfo[node].size = 22
current node = 9,op = ADD,unmapped nodes = 11,mapped nodes = 9,freeMemNodes = 30,unmappedMemNodes = 4,II = 4,btCredits = 0,CGRA=stdnoc_2x2tiles_2x2PEs.json,MaxHops=4,BB = .preheader,mutexPathEn = 1,Iter = 0
estimatedRouteInfo[node].size = 46
current node = 16,op = LS,unmapped nodes = 10,mapped nodes = 10,freeMemNodes = 30,unmappedMemNodes = 4,II = 4,btCredits = 0,CGRA=stdnoc_2x2tiles_2x2PEs.json,MaxHops=4,BB = .preheader,mutexPathEn = 1,Iter = 0
estimatedRouteInfo[node].size = 45
current node = 15,op = LS,unmapped nodes = 9,mapped nodes = 11,freeMemNodes = 30,unmappedMemNodes = 4,II = 4,btCredits = 0,CGRA=stdnoc_2x2tiles_2x2PEs.json,MaxHops=4,BB = .preheader,mutexPathEn = 1,Iter = 0
estimatedRouteInfo[node].size = 44
current node = 17,op = LS,unmapped nodes = 8,mapped nodes = 12,freeMemNodes = 30,unmappedMemNodes = 4,II = 4,btCredits = 0,CGRA=stdnoc_2x2tiles_2x2PEs.json,MaxHops=4,BB = .preheader,mutexPathEn = 1,Iter = 0
estimatedRouteInfo[node].size = 40
current node = 6,op = ADD,unmapped nodes = 7,mapped nodes = 13,freeMemNodes = 30,unmappedMemNodes = 4,II = 4,btCredits = 0,CGRA=stdnoc_2x2tiles_2x2PEs.json,MaxHops=4,BB = .preheader,mutexPathEn = 1,Iter = 0
estimatedRouteInfo[node].size = 39
current node = 4,op = ADD,unmapped nodes = 6,mapped nodes = 14,freeMemNodes = 30,unmappedMemNodes = 4,II = 4,btCredits = 0,CGRA=stdnoc_2x2tiles_2x2PEs.json,MaxHops=4,BB = .preheader,mutexPathEn = 1,Iter = 0
estimatedRouteInfo[node].size = 39
current node = 10,op = ADD,unmapped nodes = 5,mapped nodes = 15,freeMemNodes = 30,unmappedMemNodes = 4,II = 4,btCredits = 0,CGRA=stdnoc_2x2tiles_2x2PEs.json,MaxHops=4,BB = .preheader,mutexPathEn = 1,Iter = 0
estimatedRouteInfo[node].size = 34
current node = 7,op = LOAD,unmapped nodes = 4,mapped nodes = 16,freeMemNodes = 30,unmappedMemNodes = 4,II = 4,btCredits = 0,CGRA=stdnoc_2x2tiles_2x2PEs.json,MaxHops=4,BB = .preheader,mutexPathEn = 1,Iter = 0
estimatedRouteInfo[node].size = 22
current node = 20018,op = STOREB,unmapped nodes = 3,mapped nodes = 17,freeMemNodes = 29,unmappedMemNodes = 3,II = 4,btCredits = 0,CGRA=stdnoc_2x2tiles_2x2PEs.json,MaxHops=4,BB = ,mutexPathEn = 1,Iter = 0
estimatedRouteInfo[node].size = 25
current node = 11,op = LOAD,unmapped nodes = 2,mapped nodes = 18,freeMemNodes = 28,unmappedMemNodes = 2,II = 4,btCredits = 0,CGRA=stdnoc_2x2tiles_2x2PEs.json,MaxHops=4,BB = .preheader,mutexPathEn = 1,Iter = 0
estimatedRouteInfo[node].size = 16
current node = 8,op = MUL,unmapped nodes = 1,mapped nodes = 19,freeMemNodes = 27,unmappedMemNodes = 1,II = 4,btCredits = 0,CGRA=stdnoc_2x2tiles_2x2PEs.json,MaxHops=4,BB = .preheader,mutexPathEn = 1,Iter = 0
estimatedRouteInfo[node].size = 29
current node = 5,op = STORE,unmapped nodes = 0,mapped nodes = 20,freeMemNodes = 26,unmappedMemNodes = 1,II = 4,btCredits = 0,CGRA=stdnoc_2x2tiles_2x2PEs.json,MaxHops=4,BB = .preheader,mutexPathEn = 1,Iter = 0
estimatedRouteInfo[node].size = 17
Map Success!.
,TILE_X0|_Y0|_PE_MEM_X0|_Y0|-T0,,,,,,,,,,,,,,,,,,,,,TILE_X0|_Y0|_PE_MEM_X0|_Y1|-T0,,,,,,,,,,,,,,,,,,,,,TILE_X1|_Y0|_PE_MEM_X0|_Y0|-T0,,,,,,,,,,,,,,,,,,,,,TILE_X1|_Y0|_PE_MEM_X0|_Y1|-T0,,,,,,,,,,,,,,,,,,,,,TILE_X0|_Y1|_PE_MEM_X0|_Y0|-T0,,,,,,,,,,,,,,,,,,,,,TILE_X0|_Y1|_PE_MEM_X0|_Y1|-T0,,,,,,,,,,,,,,,,,,,,,TILE_X1|_Y1|_PE_MEM_X0|_Y0|-T0,,,,,,,,,,,,,,,,,,,,,TILE_X1|_Y1|_PE_MEM_X0|_Y1|-T0,,,,,,,,,,,,,,,,,,,,,TILE_X0|_Y0|_PE_R1_X1|_Y0|-T0,,,,,,,,,,,,,,,,,,,,,,,,,,,,,TILE_X1|_Y0|_PE_R1_X1|_Y0|-T0,,,,,,,,,,,,,,,,,,,,,,,,,,,,,TILE_X0|_Y1|_PE_R1_X1|_Y0|-T0,,,,,,,,,,,,,,,,,,,,,,,,,,,,,TILE_X1|_Y1|_PE_R1_X1|_Y0|-T0,,,,,,,,,,,,,,,,,,,,,,,,,,,,,TILE_X0|_Y0|_PE_R2_X1|_Y1|-T0,,,,,,,,,,,,,,,,,,,,,,,,,,,,,TILE_X1|_Y0|_PE_R2_X1|_Y1|-T0,,,,,,,,,,,,,,,,,,,,,,,,,,,,,TILE_X0|_Y1|_PE_R2_X1|_Y1|-T0,,,,,,,,,,,,,,,,,,,,,,,,,,,,,TILE_X1|_Y1|_PE_R2_X1|_Y1|-T0,,,,,,,,,,,,,,,,,,,,,,,,,,,,,
,FU0,,,,,,,,,,,,,,,,,,,,,FU0,,,,,,,,,,,,,,,,,,,,,FU0,,,,,,,,,,,,,,,,,,,,,FU0,,,,,,,,,,,,,,,,,,,,,FU0,,,,,,,,,,,,,,,,,,,,,FU0,,,,,,,,,,,,,,,,,,,,,FU0,,,,,,,,,,,,,,,,,,,,,FU0,,,,,,,,,,,,,,,,,,,,,FU0,,,,,,,,,,,,,,,,,,,,,,,,,,,,,FU0,,,,,,,,,,,,,,,,,,,,,,,,,,,,,FU0,,,,,,,,,,,,,,,,,,,,,,,,,,,,,FU0,,,,,,,,,,,,,,,,,,,,,,,,,,,,,FU0,,,,,,,,,,,,,,,,,,,,,,,,,,,,,FU0,,,,,,,,,,,,,,,,,,,,,,,,,,,,,FU0,,,,,,,,,,,,,,,,,,,,,,,,,,,,,FU0,,,,,,,,,,,,,,,,,,,,,,,,,,,,,
,DP0,NORTH_I,WEST_I,EAST_I,SOUTH_I,I1,I2,P,NORTH_O,WEST_O,EAST_O,SOUTH_O,T,R3_RI,R3_RO,R1_RI,R1_RO,R2_RI,R2_RO,R0_RI,R0_RO,DP0,NORTH_I,WEST_I,EAST_I,SOUTH_I,I1,I2,P,NORTH_O,WEST_O,EAST_O,SOUTH_O,T,R1_RI,R1_RO,R3_RI,R3_RO,R0_RI,R0_RO,R2_RI,R2_RO,DP0,NORTH_I,WEST_I,EAST_I,SOUTH_I,I1,I2,P,NORTH_O,WEST_O,EAST_O,SOUTH_O,T,R0_RI,R0_RO,R1_RI,R1_RO,R2_RI,R2_RO,R3_RI,R3_RO,DP0,NORTH_I,WEST_I,EAST_I,SOUTH_I,I1,I2,P,NORTH_O,WEST_O,EAST_O,SOUTH_O,T,R0_RI,R0_RO,R1_RI,R1_RO,R2_RI,R2_RO,R3_RI,R3_RO,DP0,NORTH_I,WEST_I,EAST_I,SOUTH_I,I1,I2,P,NORTH_O,WEST_O,EAST_O,SOUTH_O,T,R0_RI,R0_RO,R1_RI,R1_RO,R2_RI,R2_RO,R3_RI,R3_RO,DP0,NORTH_I,WEST_I,EAST_I,SOUTH_I,I1,I2,P,NORTH_O,WEST_O,EAST_O,SOUTH_O,T,R0_RI,R0_RO,R1_RI,R1_RO,R2_RI,R2_RO,R3_RI,R3_RO,DP0,NORTH_I,WEST_I,EAST_I,SOUTH_I,I1,I2,P,NORTH_O,WEST_O,EAST_O,SOUTH_O,T,R3_RI,R3_RO,R0_RI,R0_RO,R1_RI,R1_RO,R2_RI,R2_RO,DP0,NORTH_I,WEST_I,EAST_I,SOUTH_I,I1,I2,P,NORTH_O,WEST_O,EAST_O,SOUTH_O,T,R0_RI,R0_RO,R1_RI,R1_RO,R2_RI,R2_RO,R3_RI,R3_RO,DP0,NORTH_I,WEST_I,EAST_I,SOUTH_I,NORTH_CLSTR_I,WEST_CLSTR_I,EAST_CLSTR_I,SOUTH_CLSTR_I,I1,I2,P,NORTH_O,WEST_O,EAST_O,SOUTH_O,NORTH_CLSTR_O,WEST_CLSTR_O,EAST_CLSTR_O,SOUTH_CLSTR_O,T,R0_RI,R0_RO,R1_RI,R1_RO,R2_RI,R2_RO,R3_RI,R3_RO,DP0,NORTH_I,WEST_I,EAST_I,SOUTH_I,NORTH_CLSTR_I,WEST_CLSTR_I,EAST_CLSTR_I,SOUTH_CLSTR_I,I1,I2,P,NORTH_O,WEST_O,EAST_O,SOUTH_O,NORTH_CLSTR_O,WEST_CLSTR_O,EAST_CLSTR_O,SOUTH_CLSTR_O,T,R0_RI,R0_RO,R1_RI,R1_RO,R2_RI,R2_RO,R3_RI,R3_RO,DP0,NORTH_I,WEST_I,EAST_I,SOUTH_I,NORTH_CLSTR_I,WEST_CLSTR_I,EAST_CLSTR_I,SOUTH_CLSTR_I,I1,I2,P,NORTH_O,WEST_O,EAST_O,SOUTH_O,NORTH_CLSTR_O,WEST_CLSTR_O,EAST_CLSTR_O,SOUTH_CLSTR_O,T,R0_RI,R0_RO,R1_RI,R1_RO,R2_RI,R2_RO,R3_RI,R3_RO,DP0,NORTH_I,WEST_I,EAST_I,SOUTH_I,NORTH_CLSTR_I,WEST_CLSTR_I,EAST_CLSTR_I,SOUTH_CLSTR_I,I1,I2,P,NORTH_O,WEST_O,EAST_O,SOUTH_O,NORTH_CLSTR_O,WEST_CLSTR_O,EAST_CLSTR_O,SOUTH_CLSTR_O,T,R0_RI,R0_RO,R1_RI,R1_RO,R2_RI,R2_RO,R3_RI,R3_RO,DP0,NORTH_I,WEST_I,EAST_I,SOUTH_I,NORTH_CLSTR_I,WEST_CLSTR_I,EAST_CLSTR_I,SOUTH_CLSTR_I,I1,I2,P,NORTH_O,WEST_O,EAST_O,SOUTH_O,NORTH_CLSTR_O,WEST_CLSTR_O,EAST_CLSTR_O,SOUTH_CLSTR_O,T,R0_RI,R0_RO,R1_RI,R1_RO,R2_RI,R2_RO,R3_RI,R3_RO,DP0,NORTH_I,WEST_I,EAST_I,SOUTH_I,NORTH_CLSTR_I,WEST_CLSTR_I,EAST_CLSTR_I,SOUTH_CLSTR_I,I1,I2,P,NORTH_O,WEST_O,EAST_O,SOUTH_O,NORTH_CLSTR_O,WEST_CLSTR_O,EAST_CLSTR_O,SOUTH_CLSTR_O,T,R0_RI,R0_RO,R1_RI,R1_RO,R2_RI,R2_RO,R3_RI,R3_RO,DP0,NORTH_I,WEST_I,EAST_I,SOUTH_I,NORTH_CLSTR_I,WEST_CLSTR_I,EAST_CLSTR_I,SOUTH_CLSTR_I,I1,I2,P,NORTH_O,WEST_O,EAST_O,SOUTH_O,NORTH_CLSTR_O,WEST_CLSTR_O,EAST_CLSTR_O,SOUTH_CLSTR_O,T,R0_RI,R0_RO,R1_RI,R1_RO,R2_RI,R2_RO,R3_RI,R3_RO,DP0,NORTH_I,WEST_I,EAST_I,SOUTH_I,NORTH_CLSTR_I,WEST_CLSTR_I,EAST_CLSTR_I,SOUTH_CLSTR_I,I1,I2,P,NORTH_O,WEST_O,EAST_O,SOUTH_O,NORTH_CLSTR_O,WEST_CLSTR_O,EAST_CLSTR_O,SOUTH_CLSTR_O,T,R0_RI,R0_RO,R1_RI,R1_RO,R2_RI,R2_RO,R3_RI,R3_RO,
T=0,---,---,---,---,---,---,---,---,---,---,---,---,---,---,---,---,---,---,---,---,---,---,---,---,---,---,---,---,---,---,---,7,---,---,---,---,---,---,---,---,---,---,---,---,---,---,---,---,---,---,---,---,---,---,---,---,---,---,---,---,---,---,---,---,---,---,---,4,---,---,---,---,---,---,---,---,---,---,---,4,---,---,20019,20019,---,---,---,---,---,---,---,---,---,---,---,---,---,---,---,---,---,---,---,---,---,---,---,---,---,---,---,---,---,---,---,---,---,---,---,---,---,---,---,---,---,---,13:LOADB+C(|14-20-),---,---,---,---,---,---,---,4,---,---,---,---,---,---,---,---,4,---,---,---,---,---,---,---,---,---,---,---,---,---,---,---,---,---,---,---,---,---,---,---,---,21:MOVC+C(|20-),---,---,---,---,---,---,---,---,---,---,---,---,---,---,---,---,---,---,---,---,---,---,---,---,---,---,---,---,---,---,---,---,---,---,---,---,---,---,---,---,---,---,---,---,---,---,---,---,---,---,---,---,---,---,---,---,---,1:ADD+C(0-|2-12-),---,---,---,---,---,---,---,---,---,---,---,0,---,---,---,---,---,0,---,---,---,---,---,---,---,---,---,---,9:ADD+C(0-|17-),---,---,---,---,---,0,---,---,---,---,---,---,---,---,---,---,---,---,---,---,---,---,---,---,---,---,---,0,16:LS+C(0-|6-),---,7,---,0,---,---,---,---,---,---,---,---,---,---,---,---,---,---,---,---,---,---,---,7,---,---,---,---,---,---,---,---,---,---,---,---,---,---,---,---,---,---,---,---,---,---,---,---,---,---,---,---,---,---,---,---,---,---,---,---,---,---,---,---,---,---,---,---,---,---,---,---,---,---,---,---,---,---,---,---,---,---,---,---,---,---,---,---,---,---,---,---,---,---,---,---,---,---,---,---,---,---,---,---,---,---,---,---,---,---,---,---,---,---,---,
T=1,---,---,---,---,---,---,---,---,---,---,---,---,---,---,---,---,---,---,---,---,---,---,---,---,---,---,---,---,---,---,---,---,---,---,---,---,---,---,---,---,---,---,---,---,21,---,---,---,---,---,---,---,---,11,---,---,21,---,---,---,---,---,---,8:MUL(7-11-|5-),11,7,---,---,---,---,---,---,---,---,---,---,---,---,4,4,---,---,20019,20019,---,---,---,---,---,---,---,---,---,---,---,---,---,---,---,---,---,---,---,---,---,---,---,---,---,---,---,---,---,---,---,---,---,---,---,---,---,---,---,---,---,---,---,---,---,---,---,---,---,---,---,---,---,---,---,---,---,---,---,---,---,---,---,---,---,---,---,---,---,---,---,---,---,---,---,---,---,---,---,---,---,---,---,---,20019:MOVC+C(|20018-),---,---,---,---,---,---,---,1,---,---,---,---,---,21,---,---,---,---,---,---,---,---,---,---,---,1,---,---,17:LS+C(9-|10-),---,---,---,---,---,---,---,9,---,---,---,---,---,---,---,---,---,---,---,---,---,---,---,---,---,---,---,---,2:CMP+C(1-|12-20018-),---,---,---,---,---,---,---,---,---,---,---,---,---,---,---,1,---,---,---,---,---,---,---,---,---,---,---,---,15:LS+C(0-|4-),---,---,---,---,---,---,---,---,---,---,---,---,---,---,---,9,---,---,---,---,---,---,---,---,---,---,0,---,6:ADD+C(16-|7-),---,---,---,---,---,---,---,---,---,---,---,---,---,7,---,---,---,---,---,---,---,---,7,---,---,---,---,---,---,---,---,---,---,---,---,---,---,---,---,---,---,---,---,---,---,---,---,---,---,---,---,---,---,---,---,---,---,---,---,---,---,---,---,---,---,---,---,---,---,---,---,---,---,---,---,---,---,---,---,---,---,---,---,---,---,---,---,---,---,---,---,---,---,---,---,---,---,---,---,---,---,---,---,---,---,---,---,---,---,---,---,---,---,---,---,
T=2,---,---,---,---,---,---,---,---,---,---,---,---,---,---,---,---,---,---,---,---,---,7:LOAD(6-|8-),---,---,6,---,---,---,---,---,---,---,---,---,---,---,---,---,---,---,---,---,---,---,20019,---,---,---,---,---,---,---,---,21,---,21,---,---,20019,---,---,---,---,20:STOREB+C(13-21-|),21,---,---,13,---,---,---,---,---,---,20019,---,---,---,4,4,---,---,20019,---,---,---,---,---,---,---,---,---,---,---,---,---,---,---,---,---,---,---,---,---,---,---,---,---,---,---,---,---,---,---,---,---,---,---,---,---,---,---,---,---,---,---,20018:STOREB+C(20019-2-|),20019,2,---,---,---,---,---,13,13,---,---,---,---,---,---,---,---,---,---,---,---,---,---,---,---,---,---,---,---,---,---,---,---,---,---,---,---,---,---,---,---,12:CMERGE(2-1-|0-),---,---,---,---,---,---,---,2,---,---,---,---,---,20019,---,---,---,---,---,---,---,---,---,---,1,---,---,---,10:ADD+C(17-|11-),---,---,---,---,---,---,---,---,---,---,---,---,---,---,---,---,---,---,---,---,---,---,---,---,---,---,---,---,14:CMERGE+C(13-|0-),---,---,13,---,---,---,---,---,---,---,---,---,---,2,---,2,---,---,---,---,---,---,---,---,---,---,---,---,4:ADD+C(15-|5-),---,---,---,---,---,---,---,---,---,---,---,---,---,---,---,---,---,---,---,---,---,---,---,---,---,---,---,---,---,---,---,---,---,---,---,---,---,---,---,---,---,6,---,---,---,---,---,---,---,---,---,---,---,---,---,---,---,---,---,---,---,---,---,---,---,---,---,---,---,---,---,---,---,---,---,---,---,---,---,---,---,---,---,---,---,---,---,---,---,---,---,---,---,---,---,---,---,---,---,---,---,---,---,---,---,---,---,---,---,---,---,---,---,---,---,---,---,---,---,---,---,---,---,---,---,---,---,---,---,---,---,---,---,---,---,---,---,---,---,---,---,---,---,---,
T=3,---,---,---,---,---,---,---,---,---,---,---,---,---,---,---,---,---,---,---,---,---,---,---,---,---,---,---,---,---,---,---,---,---,---,---,---,---,---,---,---,---,---,11:LOAD(10-|8-),---,---,10,---,---,---,---,---,---,---,20019,---,---,---,20019,---,---,---,---,---,5:STORE(4-8-|),20019,---,---,---,---,---,---,---,---,---,---,---,---,---,4,---,---,---,---,20019,---,---,---,---,---,---,---,---,---,---,---,---,---,---,---,---,---,---,---,---,---,---,---,---,---,---,---,---,---,---,---,---,---,---,---,---,---,---,---,---,---,---,---,---,---,4,---,---,---,---,---,---,---,---,---,---,---,---,4,---,---,---,---,---,---,---,---,---,---,---,---,---,---,---,---,---,---,---,---,---,---,---,---,---,---,---,---,---,---,---,---,---,---,---,---,---,---,---,---,---,---,---,---,12,---,---,---,---,---,---,---,---,---,---,---,---,---,---,---,---,---,---,---,---,---,---,10,---,---,---,---,---,---,---,---,---,---,---,---,---,---,---,0:SELECT(12-14-|1-9-15-16-),---,---,---,---,12,---,---,---,---,---,---,---,---,---,---,---,---,---,---,---,---,---,---,---,---,---,---,---,---,---,---,---,---,---,---,---,---,---,---,---,---,4,---,---,---,---,---,---,---,---,---,---,---,---,---,---,---,---,---,---,---,---,---,---,---,---,---,---,---,---,---,---,---,---,---,---,---,---,---,---,---,---,---,---,---,---,---,---,---,---,---,---,---,---,---,---,---,---,---,---,---,---,---,---,---,---,---,---,---,---,---,---,---,---,---,---,---,---,---,---,---,---,---,---,---,---,---,---,---,---,---,---,---,---,---,---,---,---,---,---,---,---,---,---,---,---,---,---,---,---,---,---,---,---,---,---,---,---,---,---,---,---,---,---,---,---,---,---,---,---,---,---,---,
************************************
