<MutexBB>
</MutexBB>
<DFG count=" 21">
<Node idx=" 13" ASAP=" 0" ALAP=" 0" BB=".preheader.preheader" CONST=" 4094">
<OP>LOADB</OP>
<BasePointerName size=" 1">loopstart</BasePointerName>
<Inputs>
</Inputs>
<Outputs>
	<Output idx=" 14" nextiter=" 0" NPB=" 0" type=" P"/>
	<Output idx=" 20" nextiter=" 0" NPB=" 0" type=" P"/>
</Outputs>
<RecParents>
</RecParents>
</Node>

<Node idx=" 14" ASAP=" 1" ALAP=" 1" BB=".preheader_0_1" CONST=" 0">
<OP>CMERGE</OP>
<Inputs>
	<Input idx=" 13"/>
</Inputs>
<Outputs>
	<Output idx=" 0" nextiter=" 0" type=" I2"/>
</Outputs>
<RecParents>
</RecParents>
</Node>

<Node idx=" 0" ASAP=" 2" ALAP=" 2" BB=".preheader">
<OP>SELECT</OP>
<Inputs>
	<Input idx=" 12"/>
	<Input idx=" 14"/>
</Inputs>
<Outputs>
	<Output idx=" 1" nextiter=" 0" type=" I1"/>
	<Output idx=" 9" nextiter=" 0" type=" I1"/>
	<Output idx=" 15" nextiter=" 0" type=" I1"/>
	<Output idx=" 16" nextiter=" 0" type=" I1"/>
</Outputs>
<RecParents>
</RecParents>
</Node>

<Node idx=" 9" ASAP=" 3" ALAP=" 3" BB=".preheader" CONST=" 12">
<OP>ADD</OP>
<Inputs>
	<Input idx=" 0"/>
</Inputs>
<Outputs>
	<Output idx=" 17" nextiter=" 0" type=" I1"/>
</Outputs>
<RecParents>
</RecParents>
</Node>

<Node idx=" 16" ASAP=" 3" ALAP=" 4" BB=".preheader" CONST=" 2">
<OP>LS</OP>
<Inputs>
	<Input idx=" 0"/>
</Inputs>
<Outputs>
	<Output idx=" 6" nextiter=" 0" type=" I1"/>
</Outputs>
<RecParents>
</RecParents>
</Node>

<Node idx=" 17" ASAP=" 4" ALAP=" 4" BB=".preheader" CONST=" 2">
<OP>LS</OP>
<Inputs>
	<Input idx=" 9"/>
</Inputs>
<Outputs>
	<Output idx=" 10" nextiter=" 0" type=" I1"/>
</Outputs>
<RecParents>
</RecParents>
</Node>

<Node idx=" 6" ASAP=" 4" ALAP=" 5" BB=".preheader" CONST=" 2052">
<OP>ADD</OP>
<BasePointerName size=" 16">vector</BasePointerName>
<GEPOffset>0</GEPOffset>
<Inputs>
	<Input idx=" 16"/>
</Inputs>
<Outputs>
	<Output idx=" 7" nextiter=" 0" type=" I2"/>
</Outputs>
<RecParents>
</RecParents>
</Node>

<Node idx=" 10" ASAP=" 5" ALAP=" 5" BB=".preheader" CONST=" 0">
<OP>ADD</OP>
<BasePointerName size=" 64">matrix</BasePointerName>
<GEPOffset>0</GEPOffset>
<Inputs>
	<Input idx=" 17"/>
</Inputs>
<Outputs>
	<Output idx=" 11" nextiter=" 0" type=" I2"/>
</Outputs>
<RecParents>
</RecParents>
</Node>

<Node idx=" 1" ASAP=" 3" ALAP=" 6" BB=".preheader" CONST=" 1">
<OP>ADD</OP>
<Inputs>
	<Input idx=" 0"/>
</Inputs>
<Outputs>
	<Output idx=" 2" nextiter=" 0" type=" I1"/>
	<Output idx=" 12" nextiter=" 0" type=" I1"/>
</Outputs>
<RecParents>
</RecParents>
</Node>

<Node idx=" 15" ASAP=" 3" ALAP=" 6" BB=".preheader" CONST=" 2">
<OP>LS</OP>
<Inputs>
	<Input idx=" 0"/>
</Inputs>
<Outputs>
	<Output idx=" 4" nextiter=" 0" type=" I1"/>
</Outputs>
<RecParents>
</RecParents>
</Node>

<Node idx=" 11" ASAP=" 6" ALAP=" 6" BB=".preheader">
<OP>LOAD</OP>
<BasePointerName size=" 64">matrix</BasePointerName>
<Inputs>
	<Input idx=" 10"/>
</Inputs>
<Outputs>
	<Output idx=" 8" nextiter=" 0" type=" I2"/>
</Outputs>
<RecParents>
</RecParents>
</Node>

<Node idx=" 7" ASAP=" 5" ALAP=" 6" BB=".preheader">
<OP>LOAD</OP>
<BasePointerName size=" 16">vector</BasePointerName>
<Inputs>
	<Input idx=" 6"/>
</Inputs>
<Outputs>
	<Output idx=" 8" nextiter=" 0" type=" I1"/>
</Outputs>
<RecParents>
</RecParents>
</Node>

<Node idx=" 8" ASAP=" 7" ALAP=" 7" BB=".preheader">
<OP>MUL</OP>
<Inputs>
	<Input idx=" 7"/>
	<Input idx=" 11"/>
</Inputs>
<Outputs>
	<Output idx=" 5" nextiter=" 0" type=" I1"/>
</Outputs>
<RecParents>
</RecParents>
</Node>

<Node idx=" 4" ASAP=" 4" ALAP=" 7" BB=".preheader" CONST=" 2048">
<OP>ADD</OP>
<BasePointerName size=" 4"></BasePointerName>
<GEPOffset>0</GEPOffset>
<Inputs>
	<Input idx=" 15"/>
</Inputs>
<Outputs>
	<Output idx=" 5" nextiter=" 0" type=" I2"/>
</Outputs>
<RecParents>
</RecParents>
</Node>

<Node idx=" 2" ASAP=" 4" ALAP=" 7" BB=".preheader" CONST=" 4">
<OP>CMP</OP>
<Inputs>
	<Input idx=" 1"/>
</Inputs>
<Outputs>
	<Output idx=" 12" nextiter=" 0" NPB=" 1" type=" P"/>
	<Output idx=" 20018" nextiter=" 0" NPB=" 0" type=" P"/>
</Outputs>
<RecParents>
</RecParents>
</Node>

<Node idx=" 20019" ASAP=" 0" ALAP=" 7" BB="" CONST=" 1">
<OP>MOVC</OP>
<Inputs>
</Inputs>
<Outputs>
	<Output idx=" 20018" nextiter=" 0" type=" I1"/>
</Outputs>
<RecParents>
</RecParents>
</Node>

<Node idx=" 21" ASAP=" 0" ALAP=" 7" BB=".preheader.preheader" CONST=" 0">
<OP>MOVC</OP>
<Inputs>
</Inputs>
<Outputs>
	<Output idx=" 20" nextiter=" 0" type=" I1"/>
</Outputs>
<RecParents>
</RecParents>
</Node>

<Node idx=" 12" ASAP=" 5" ALAP=" 8" BB=".preheader_0_0">
<OP>CMERGE</OP>
<Inputs>
	<Input idx=" 2"/>
	<Input idx=" 1"/>
</Inputs>
<Outputs>
	<Output idx=" 0" nextiter=" 1" type=" I1"/>
</Outputs>
<RecParents>
</RecParents>
</Node>

<Node idx=" 5" ASAP=" 8" ALAP=" 8" BB=".preheader">
<OP>STORE</OP>
<BasePointerName size=" 4"></BasePointerName>
<Inputs>
	<Input idx=" 4"/>
	<Input idx=" 8"/>
</Inputs>
<Outputs>
</Outputs>
<RecParents>
</RecParents>
</Node>

<Node idx=" 20018" ASAP=" 5" ALAP=" 8" BB="" CONST=" 2047">
<OP>STOREB</OP>
<BasePointerName size=" 1">loopend</BasePointerName>
<Inputs>
	<Input idx=" 20019"/>
	<Input idx=" 2"/>
</Inputs>
<Outputs>
</Outputs>
<RecParents>
</RecParents>
</Node>

<Node idx=" 20" ASAP=" 1" ALAP=" 8" BB=".preheader.preheader" CONST=" 4094">
<OP>STOREB</OP>
<BasePointerName size=" 1">loopstart</BasePointerName>
<Inputs>
	<Input idx=" 13"/>
	<Input idx=" 21"/>
</Inputs>
<Outputs>
</Outputs>
<RecParents>
</RecParents>
</Node>

</DFG>